id,domain,title,status,reason,duration_seconds,evidence_path
DS-E2E-001,workloads,"Healthy Deployment, probes and resources",PASS,,0.906,/home/dheer/.devopssentinel/real-e2e/20261003T160122Z/DS-E2E-001
DS-E2E-002,workloads,StatefulSet and PVC template,PASS,,8.162,/home/dheer/.devopssentinel/real-e2e/20261003T160122Z/DS-E2E-002
DS-E2E-003,workloads,DaemonSet desired/current/ready,PASS,,0.908,/home/dheer/.devopssentinel/real-e2e/20261003T160122Z/DS-E2E-003
DS-E2E-004,workloads,ds-e2e-job-success,PASS,,0.995,/home/dheer/.devopssentinel/real-e2e/20261003T160122Z/DS-E2E-004
DS-E2E-005,workloads,ds-e2e-job-failed,PASS,,0.877,/home/dheer/.devopssentinel/real-e2e/20261003T160122Z/DS-E2E-005
DS-E2E-006,workloads,CronJob controller creates owned Job,PASS,,40.688,/home/dheer/.devopssentinel/real-e2e/20261003T160122Z/DS-E2E-006
DS-E2E-010,workloads,ds-e2e-crash,PASS,,1.619,/home/dheer/.devopssentinel/real-e2e/20261003T160122Z/DS-E2E-010
DS-E2E-011,workloads,ds-e2e-image,PASS,,1.836,/home/dheer/.devopssentinel/real-e2e/20261003T160122Z/DS-E2E-011
DS-E2E-012,workloads,ds-e2e-missing-config,PASS,,1.655,/home/dheer/.devopssentinel/real-e2e/20261003T160122Z/DS-E2E-012
DS-E2E-013,workloads,Impossible node selector; toleration preserved,PASS,,3.026,/home/dheer/.devopssentinel/real-e2e/20261003T160122Z/DS-E2E-013
DS-E2E-014,workloads,Running Pod with failed readiness probe,PASS,,1.907,/home/dheer/.devopssentinel/real-e2e/20261003T160122Z/DS-E2E-014
DS-E2E-015,workloads,Liveness failure and restart history,PASS,,2.848,/home/dheer/.devopssentinel/real-e2e/20261003T160122Z/DS-E2E-015
DS-E2E-016,workloads,Startup probe and started state,PASS,,4.653,/home/dheer/.devopssentinel/real-e2e/20261003T160122Z/DS-E2E-016
DS-E2E-017,workloads,Bounded 32Mi OOM failure,PASS,,1.424,/home/dheer/.devopssentinel/real-e2e/20261003T160122Z/DS-E2E-017
DS-E2E-020,dependencies,ConfigMap reverse dependencies,PASS,,2.601,/home/dheer/.devopssentinel/real-e2e/20261003T160122Z/DS-E2E-020
DS-E2E-021,dependencies,Secret reverse dependencies,PASS,,2.858,/home/dheer/.devopssentinel/real-e2e/20261003T160122Z/DS-E2E-021
DS-E2E-022,dependencies,ServiceAccount reverse dependencies,PASS,,2.734,/home/dheer/.devopssentinel/real-e2e/20261003T160122Z/DS-E2E-022
DS-E2E-030,networking,Service endpoints plus live HTTP,PASS,,2.375,/home/dheer/.devopssentinel/real-e2e/20261003T160122Z/DS-E2E-030
DS-E2E-031,networking,Service without endpoints,PASS,,1.859,/home/dheer/.devopssentinel/real-e2e/20261003T160122Z/DS-E2E-031
DS-E2E-032,networking,Named targetPort mapping,PASS,,1.935,/home/dheer/.devopssentinel/real-e2e/20261003T160122Z/DS-E2E-032
DS-E2E-033,networking,Service target port mismatch,PASS,,1.922,/home/dheer/.devopssentinel/real-e2e/20261003T160122Z/DS-E2E-033
DS-E2E-034,networking,Multiple services select same Deployment,PASS,,3.326,/home/dheer/.devopssentinel/real-e2e/20261003T160122Z/DS-E2E-034
DS-E2E-035,networking,NetworkPolicy parsing,PASS,,1.876,/home/dheer/.devopssentinel/real-e2e/20261003T160122Z/DS-E2E-035
DS-E2E-036,networking,Cross namespace isolation,PASS,,2.745,/home/dheer/.devopssentinel/real-e2e/20261003T160122Z/DS-E2E-036
DS-E2E-037,networking,Real cluster DNS resolution,PASS,,1.714,/home/dheer/.devopssentinel/real-e2e/20261003T160122Z/DS-E2E-037
DS-E2E-038,networking,Ingress API graph,PASS,,1.864,/home/dheer/.devopssentinel/real-e2e/20261003T160122Z/DS-E2E-038
DS-E2E-040,storage,Bound PVC and PV ownership,PASS,,1.674,/home/dheer/.devopssentinel/real-e2e/20261003T160122Z/DS-E2E-040
DS-E2E-041,storage,Pending PVC without StorageClass,PASS,,1.632,/home/dheer/.devopssentinel/real-e2e/20261003T160122Z/DS-E2E-041
DS-E2E-070,workloads,Multi-container Pod and successful init,PASS,,1.363,/home/dheer/.devopssentinel/real-e2e/20261003T160122Z/DS-E2E-070
DS-E2E-071,workloads,Init container failure,PASS,,6.469,/home/dheer/.devopssentinel/real-e2e/20261003T160122Z/DS-E2E-071
DS-E2E-072,security,Live logs and credential redaction,PASS,,0.847,/home/dheer/.devopssentinel/real-e2e/20261003T160122Z/DS-E2E-072
DS-E2E-073,events,Previous container logs,PASS,,0.802,/home/dheer/.devopssentinel/real-e2e/20261003T160122Z/DS-E2E-073
DS-E2E-074,events,Actual Kubernetes failure event timeline,PASS,,1.595,/home/dheer/.devopssentinel/real-e2e/20261003T160122Z/DS-E2E-074
DS-E2E-076,nodes,Real node capacity and scoped reservations,PASS,,1.795,/home/dheer/.devopssentinel/real-e2e/20261003T160122Z/DS-E2E-076
DS-E2E-050,certificates,Valid TLS Secret metadata and healthy expiry,PASS,,4.656,/home/dheer/.devopssentinel/real-e2e/20261003T160122Z/DS-E2E-050
DS-E2E-051,certificates,Real five-day certificate is critical,PASS,,0.092,/home/dheer/.devopssentinel/real-e2e/20261003T160122Z/DS-E2E-051
DS-E2E-052,certificates,Historical X.509 certificate is expired,PASS,,0.102,/home/dheer/.devopssentinel/real-e2e/20261003T160122Z/DS-E2E-052
DS-E2E-053,certificates,Complete multi-DNS and IP SAN parsing,PASS,,0.09,/home/dheer/.devopssentinel/real-e2e/20261003T160122Z/DS-E2E-053
DS-E2E-054,certificates,Duplicate leaf fingerprint detection,PASS,,0.939,/home/dheer/.devopssentinel/real-e2e/20261003T160122Z/DS-E2E-054
DS-E2E-055,certificates,Root/intermediate/leaf trust chain,PASS,,0.804,/home/dheer/.devopssentinel/real-e2e/20261003T160122Z/DS-E2E-055
DS-E2E-150,certificates,Omitted intermediate fails trust verification,PASS,,0.971,/home/dheer/.devopssentinel/real-e2e/20261003T160122Z/DS-E2E-150
DS-E2E-151,certificates,Root self-issuance and intermediate trust,PASS,,1.741,/home/dheer/.devopssentinel/real-e2e/20261003T160122Z/DS-E2E-151
DS-E2E-152,certificates,Actual Secret volume/env and workload ownership,PASS,,3.494,/home/dheer/.devopssentinel/real-e2e/20261003T160122Z/DS-E2E-152
DS-E2E-153,certificates,Actual TLS Pod and verified TLS 1.2/1.3,PASS,,3.044,/home/dheer/.devopssentinel/real-e2e/20261003T160122Z/DS-E2E-153
DS-E2E-154,certificates,TLS endpoint hostname mismatch fails,PASS,,1.939,/home/dheer/.devopssentinel/real-e2e/20261003T160122Z/DS-E2E-154
DS-E2E-155,certificates,Untrusted CA fails live verification,PASS,,2.938,/home/dheer/.devopssentinel/real-e2e/20261003T160122Z/DS-E2E-155
DS-E2E-056,certificates,Live TLS fingerprint matches mounted Secret,PASS,,1.576,/home/dheer/.devopssentinel/real-e2e/20261003T160122Z/DS-E2E-056
DS-E2E-057,certificates,Different Ingress Secret produces factual mismatch,PASS,,1.464,/home/dheer/.devopssentinel/real-e2e/20261003T160122Z/DS-E2E-057
DS-E2E-058,certificates,Secret rotation refresh and server reload,PASS,,8.716,/home/dheer/.devopssentinel/real-e2e/20261003T160122Z/DS-E2E-058
DS-E2E-059,certificates,Real cert-manager issuance and CertificateRequest,PASS,,4.2,/home/dheer/.devopssentinel/real-e2e/20261003T160122Z/DS-E2E-059
DS-E2E-156,certificates,Real cert-manager missing Issuer failure,PASS,,1.451,/home/dheer/.devopssentinel/real-e2e/20261003T160122Z/DS-E2E-156
DS-E2E-157,certificates,Certificate JSON/export and private-key redaction,PASS,,5.155,/home/dheer/.devopssentinel/real-e2e/20261003T160122Z/DS-E2E-157
DS-E2E-158,certificates,Future certificate validity is explicit,PASS,,0.085,/home/dheer/.devopssentinel/real-e2e/20261003T160122Z/DS-E2E-158
DS-E2E-060,gitops,Suspended Flux resource,PASS,,6.241,/home/dheer/.devopssentinel/real-e2e/20261003T160122Z/DS-E2E-060
DS-E2E-061,gitops,Failed local Git source with message and transition,PASS,,1.944,/home/dheer/.devopssentinel/real-e2e/20261003T160122Z/DS-E2E-061
DS-E2E-062,gitops,Ready local Git source and exact artifact revision,PASS,,1.421,/home/dheer/.devopssentinel/real-e2e/20261003T160122Z/DS-E2E-062
DS-E2E-063,gitops,Local Git Kustomization deploys a real workload,PASS,,7.987,/home/dheer/.devopssentinel/real-e2e/20261003T160122Z/DS-E2E-063
DS-E2E-064,gitops,Failed Kustomization from missing path,PASS,,1.209,/home/dheer/.devopssentinel/real-e2e/20261003T160122Z/DS-E2E-064
DS-E2E-065,gitops,Local Helm chart installs real Deployment and Service,PASS,,1.431,/home/dheer/.devopssentinel/real-e2e/20261003T160122Z/DS-E2E-065
DS-E2E-066,gitops,Actual Helm template failure,PASS,,1.235,/home/dheer/.devopssentinel/real-e2e/20261003T160122Z/DS-E2E-066
DS-E2E-067,gitops,"GitOps source, inventory and Helm dependency graph",PASS,,1.438,/home/dheer/.devopssentinel/real-e2e/20261003T160122Z/DS-E2E-067
DS-E2E-068,gitops,"Second local commit, revision gap and recovery",PASS,,11.863,/home/dheer/.devopssentinel/real-e2e/20261003T160122Z/DS-E2E-068
DS-E2E-069,gitops,Workload owner and exact Git revision mapping,PASS,,2.197,/home/dheer/.devopssentinel/real-e2e/20261003T160122Z/DS-E2E-069
DS-E2E-079,database,"PostgreSQL Service, endpoint and port discovery",PASS,,2.598,/home/dheer/.devopssentinel/real-e2e/20261003T160122Z/DS-E2E-079
DS-E2E-080,database,PostgreSQL real read-only SELECTs and credential lifecycle,PASS,,35.356,/home/dheer/.devopssentinel/real-e2e/20261003T160122Z/DS-E2E-080
DS-E2E-081,database,"PostgreSQL wrong password, invalid database and unreachable service",PASS,,0.105,/home/dheer/.devopssentinel/real-e2e/20261003T160122Z/DS-E2E-081
DS-E2E-082,database,"PostgreSQL schema, row count and audit query capability",PASS,,0.453,/home/dheer/.devopssentinel/real-e2e/20261003T160122Z/DS-E2E-082
DS-E2E-083,database,"Kafka real broker, messages, topic and consumer group reports",PASS,,11.952,/home/dheer/.devopssentinel/real-e2e/20261003T160122Z/DS-E2E-083
DS-E2E-084,database,Kafka consumer lag support,NOT_APPLICABLE,"Consumer lag is conditional on product support in the request. Sentinel exposes connectivity, topic listing and group listing, but has no lag-report operation; real broker group/offset truth is retained in database/kafka-setup.txt.",0.093,/home/dheer/.devopssentinel/real-e2e/20261003T160122Z/DS-E2E-084
DS-E2E-090,experience,TXT/CSV/JSON/NDJSON exports of a live report,PASS,,1.94,/home/dheer/.devopssentinel/real-e2e/20261003T160122Z/DS-E2E-090
DS-E2E-091,experience,Machine JSON schema and no-ANSI output,PASS,,6.96,/home/dheer/.devopssentinel/real-e2e/20261003T160122Z/DS-E2E-091
DS-E2E-092,experience,NO_COLOR and --no-color produce zero ANSI,PASS,,3.11,/home/dheer/.devopssentinel/real-e2e/20261003T160122Z/DS-E2E-092
DS-E2E-093,experience,Sentinel inventory equals Kubernetes API,PASS,,1.824,/home/dheer/.devopssentinel/real-e2e/20261003T160122Z/DS-E2E-093
DS-E2E-094,experience,Dashboard renders at 80/100/120/160 columns,PASS,,2.292,/home/dheer/.devopssentinel/real-e2e/20261003T160122Z/DS-E2E-094
DS-E2E-095,experience,Unicode and ASCII glyph modes,PASS,,1.039,/home/dheer/.devopssentinel/real-e2e/20261003T160122Z/DS-E2E-095
DS-E2E-096,experience,Read-only guard blocks mutation verbs,PASS,,0.627,/home/dheer/.devopssentinel/real-e2e/20261003T160122Z/DS-E2E-096
DS-E2E-097,experience,Global search across resource types,PASS,,21.455,/home/dheer/.devopssentinel/real-e2e/20261003T160122Z/DS-E2E-097
DS-E2E-098,experience,Regex and case-insensitive search filter,PASS,,3.997,/home/dheer/.devopssentinel/real-e2e/20261003T160122Z/DS-E2E-098
DS-E2E-099,experience,Pagination source with 75 real ConfigMaps,PASS,,3.887,/home/dheer/.devopssentinel/real-e2e/20261003T160122Z/DS-E2E-099
DS-E2E-100,experience,Cache LIVE to CACHE to force refresh,PASS,,1.256,/home/dheer/.devopssentinel/real-e2e/20261003T160122Z/DS-E2E-100
DS-E2E-101,experience,Triage identifies real fixture failures,PASS,,6.177,/home/dheer/.devopssentinel/real-e2e/20261003T160122Z/DS-E2E-101
DS-E2E-102,experience,Forward and reverse dependency mapping,PASS,,6.145,/home/dheer/.devopssentinel/real-e2e/20261003T160122Z/DS-E2E-102
DS-E2E-103,experience,Doctor reports real tool availability,PASS,,0.782,/home/dheer/.devopssentinel/real-e2e/20261003T160122Z/DS-E2E-103
DS-E2E-104,experience,Performance report measures live collectors,PASS,,3.883,/home/dheer/.devopssentinel/real-e2e/20261003T160122Z/DS-E2E-104
DS-E2E-105,experience,Evidence bundle with checksums and redaction,PASS,,7.215,/home/dheer/.devopssentinel/real-e2e/20261003T160122Z/DS-E2E-105
DS-E2E-106,experience,Global canary and private-key leak scan,PASS,,0.041,/home/dheer/.devopssentinel/real-e2e/20261003T160122Z/DS-E2E-106
DS-E2E-107,experience,Near-limit long name renders within width,PASS,,1.006,/home/dheer/.devopssentinel/real-e2e/20261003T160122Z/DS-E2E-107
DS-E2E-108,experience,Incident session local evidence path,PASS,,9.056,/home/dheer/.devopssentinel/real-e2e/20261003T160122Z/DS-E2E-108
